Introdução à Ciência do Solo;GCS101;17;34;3A 5A 5B;75
Introdução à Ciência do Solo;GCS101;17;34;13A 19A 2A 2B;81
Introdução à Ciência do Solo;GCS101;17;34;2B;27
Introdução à Ciência do Solo;GCS101;17;34;3A;25
Introdução à Ciência do Solo;GCS101;17;34;1A 1B;54
Introdução à Ciência do Solo;GCS101;17;34;5A;25
Introdução à Ciência do Solo;GCS101;17;34;13A 19A;27
Introdução à Ciência do Solo;GCS101;17;34;5B;25
Introdução à Ciência do Solo;GCS101;17;34;1A;27
Introdução à Ciência do Solo;GCS101;17;34;1B;27
Introdução à Ciência do Solo;GCS101;17;34;1C 1D;54
Introdução à Ciência do Solo;GCS101;17;34;1C;27
Introdução à Ciência do Solo;GCS101;17;34;2A;27
Introdução à Ciência do Solo;GCS101;17;34;1D;27
Pedologia;GCS102;34;34;19A 5A 5B;85
Pedologia;GCS102;34;34;5B;30
Pedologia;GCS102;34;34;1A 1B 1C 1D 1E;130
Pedologia;GCS102;34;34;1A;25
Pedologia;GCS102;34;34;19A;25
Pedologia;GCS102;34;34;1B;25
Pedologia;GCS102;34;34;1C;25
Pedologia;GCS102;34;34;1D;25
Pedologia;GCS102;34;34;2A 2B 2C 3A 5C;120
Pedologia;GCS102;34;34;2A;30
Pedologia;GCS102;34;34;1E;30
Pedologia;GCS102;34;34;2B;30
Pedologia;GCS102;34;34;3A;30
Pedologia;GCS102;34;34;5A;30
Pedologia;GCS102;34;34;2C 5C;30
Física do Solo e Conservação do Solo e Água;GCS104;34;34;1A 1B 1C 1D;120
Física do Solo e Conservação do Solo e Água;GCS104;34;34;1D;30
Física do Solo e Conservação do Solo e Água;GCS104;34;34;1A;30
Física do Solo e Conservação do Solo e Água;GCS104;34;34;2A 2B 3A 5A;120
Física do Solo e Conservação do Solo e Água;GCS104;34;34;5A;30
Física do Solo e Conservação do Solo e Água;GCS104;34;34;2A;30
Física do Solo e Conservação do Solo e Água;GCS104;34;34;1B;30
Física do Solo e Conservação do Solo e Água;GCS104;34;34;1C;30
Física do Solo e Conservação do Solo e Água;GCS104;34;34;3A;30
Física do Solo e Conservação do Solo e Água;GCS104;34;34;2B;30
Geologia e Pedologia;GCS105;51;34;12A 12B 20A;54
Geologia e Pedologia;GCS105;51;34;12A;27
Geologia e Pedologia;GCS105;51;34;12B 20A;27
Fertilidade do Solo Microbiologia e Nutr Mineral de Plantas;GCS110;68;34;1A 1B 1C 1D;120
Fertilidade do Solo Microbiologia e Nutr Mineral de Plantas;GCS110;68;34;1A;30
Fertilidade do Solo Microbiologia e Nutr Mineral de Plantas;GCS110;68;34;1B;30
Fertilidade do Solo Microbiologia e Nutr Mineral de Plantas;GCS110;68;34;1C;30
Fertilidade do Solo Microbiologia e Nutr Mineral de Plantas;GCS110;68;34;1D;30
Fertilidade do Solo Microbiologia e Nutr Mineral de Plantas;GCS110;68;34;5A 5B;60
Fertilidade do Solo Microbiologia e Nutr Mineral de Plantas;GCS110;68;34;5A;30
Fertilidade do Solo Microbiologia e Nutr Mineral de Plantas;GCS110;68;34;5B;30
Fertilidade do Solo Microbiologia e Nutr Mineral de Plantas;GCS110;68;34;2A 2B 2C;90
Fertilidade do Solo Microbiologia e Nutr Mineral de Plantas;GCS110;68;34;2A;30
Fertilidade do Solo Microbiologia e Nutr Mineral de Plantas;GCS110;68;34;2B;30
Fertilidade do Solo Microbiologia e Nutr Mineral de Plantas;GCS110;68;34;2C;30